<?xml version="1.0"?>
<!DOCTYPE hibernate-mapping PUBLIC "-//Hibernate/Hibernate Mapping DTD 3.0//EN"
"http://hibernate.sourceforge.net/hibernate-mapping-3.0.dtd">
<!-- Generated Oct 10, 2015 4:39:16 PM by Hibernate Tools 3.4.0.CR1 -->
<hibernate-mapping>
    <class name="com.klicksort.entity.Brand" table="brand" catalog="klicksort">
        <id name="brandCode" type="java.lang.String">
            <column name="BRAND_CODE" length="20" />
            <generator class="assigned" />
        </id>
        <property name="brandName" type="java.lang.String">
            <column name="BRAND_NAME" length="50" not-null="true" />
        </property>
        <property name="brandType" type="java.lang.String">
            <column name="BRAND_TYPE" length="20" />
        </property>
        <set name="vendorBrandMaps" table="vendor_brand_map" inverse="true" lazy="true" fetch="select">
            <key>
                <column name="BRAND_CODE" length="20" not-null="true" />
            </key>
            <one-to-many class="com.klicksort.entity.VendorBrandMap" />
        </set>
    </class>
</hibernate-mapping>
