<?xml version="1.0"?>
<!DOCTYPE hibernate-mapping PUBLIC "-//Hibernate/Hibernate Mapping DTD 3.0//EN"
"http://hibernate.sourceforge.net/hibernate-mapping-3.0.dtd">
<!-- Generated Oct 25, 2015 7:38:49 PM by Hibernate Tools 3.4.0.CR1 -->
<hibernate-mapping>
    <class name="com.klicksort.entity.Cancellation" table="cancellation" catalog="klicksort">
        <id name="cancellationReqId" type="java.lang.String">
            <column name="CANCELLATION_REQ_ID" length="30" />
            <generator class="assigned" />
        </id>
        <many-to-one name="orderDetail" class="com.klicksort.entity.OrderDetail" fetch="select">
            <column name="ORDER_DETAIL_ID" not-null="true" />
        </many-to-one>
        <property name="cancellationReason" type="java.lang.String">
            <column name="CANCELLATION_REASON" length="250" not-null="true" />
        </property>
        <property name="status" type="java.lang.String">
            <column name="STATUS" length="20" not-null="true" />
        </property>
        <property name="qty" type="long">
            <column name="QTY" not-null="true" />
        </property>
        <property name="cancellationDate" type="timestamp">
            <column name="CANCELLATION_DATE" length="19" not-null="true" />
        </property>
        <property name="cancellationBy" type="java.lang.String">
            <column name="CANCELLATION_BY" length="50" />
        </property>
    </class>
</hibernate-mapping>
