<?xml version="1.0"?>
<!DOCTYPE hibernate-mapping PUBLIC "-//Hibernate/Hibernate Mapping DTD 3.0//EN"
"http://hibernate.sourceforge.net/hibernate-mapping-3.0.dtd">
<!-- Generated Oct 10, 2015 4:39:16 PM by Hibernate Tools 3.4.0.CR1 -->
<hibernate-mapping>
    <class name="com.klicksort.entity.City" table="city" catalog="klicksort">
        <id name="cityId" type="java.lang.Long">
            <column name="CITY_ID" />
            <generator class="identity" />
        </id>
        <many-to-one name="state" class="com.klicksort.entity.State" fetch="select">
            <column name="STATE_ID" not-null="true" />
        </many-to-one>
        <property name="cityName" type="java.lang.String">
            <column name="CITY_NAME" length="50" not-null="true" />
        </property>
        <set name="contacts" table="contact" inverse="true" lazy="true" fetch="select">
            <key>
                <column name="CITY_ID" not-null="true" />
            </key>
            <one-to-many class="com.klicksort.entity.Contact" />
        </set>
    </class>
</hibernate-mapping>
