<?xml version="1.0"?>
<!DOCTYPE hibernate-mapping PUBLIC "-//Hibernate/Hibernate Mapping DTD 3.0//EN"
"http://hibernate.sourceforge.net/hibernate-mapping-3.0.dtd">
<!-- Generated Oct 10, 2015 4:39:16 PM by Hibernate Tools 3.4.0.CR1 -->
<hibernate-mapping>
    <class name="com.klicksort.entity.Contact" table="vendor_contact" catalog="klicksort">
        <id name="contactId" type="java.lang.Long">
            <column name="CONTACT_ID" />
            <generator class="identity" />
        </id>
        <many-to-one name="state" class="com.klicksort.entity.State" fetch="select">
            <column name="STATE_ID" not-null="true" />
        </many-to-one>
        <many-to-one name="vendorDetail" class="com.klicksort.entity.VendorDetail" fetch="select">
            <column name="VENDOR_ID" not-null="true" />
        </many-to-one>
        <many-to-one name="city" class="com.klicksort.entity.City" fetch="select">
            <column name="CITY_ID" not-null="true" />
        </many-to-one>
        <property name="addressLine1" type="java.lang.String">
            <column name="ADDRESS_LINE1" length="100" not-null="true" />
        </property>
        <property name="addressLine2" type="java.lang.String">
            <column name="ADDRESS_LINE2" length="100" />
        </property>
        <property name="street" type="java.lang.String">
            <column name="STREET" length="100" />
        </property>
        <property name="landmark" type="java.lang.String">
            <column name="LANDMARK" length="100" />
        </property>
        <property name="country" type="java.lang.String">
            <column name="COUNTRY" length="50" not-null="true" />
        </property>
        <property name="pincode" type="java.lang.String">
            <column name="PINCODE" length="10" not-null="true" />
        </property>
        <property name="spocName" type="java.lang.String">
            <column name="SPOC_NAME" length="100" not-null="true" />
        </property>
        <property name="spocContactNo" type="java.lang.String">
            <column name="SPOC_CONTACT_NO" length="12" not-null="true" />
        </property>
    </class>
</hibernate-mapping>
