<?xml version="1.0"?>
<!DOCTYPE hibernate-mapping PUBLIC "-//Hibernate/Hibernate Mapping DTD 3.0//EN"
"http://hibernate.sourceforge.net/hibernate-mapping-3.0.dtd">
<!-- Generated Oct 10, 2015 4:39:16 PM by Hibernate Tools 3.4.0.CR1 -->
<hibernate-mapping>
    <class name="com.klicksort.entity.Country" table="country" catalog="klicksort">
        <id name="countryId" type="java.lang.Long">
            <column name="COUNTRY_ID" />
            <generator class="identity" />
        </id>
        <property name="countryName" type="java.lang.String">
            <column name="COUNTRY_NAME" length="50" not-null="true" />
        </property>
        <set name="states" table="state" inverse="true" lazy="true" fetch="select">
            <key>
                <column name="COUNTRY_ID" not-null="true" />
            </key>
            <one-to-many class="com.klicksort.entity.State" />
        </set>
    </class>
</hibernate-mapping>
