<?xml version="1.0"?>
<!DOCTYPE hibernate-mapping PUBLIC "-//Hibernate/Hibernate Mapping DTD 3.0//EN"
"http://hibernate.sourceforge.net/hibernate-mapping-3.0.dtd">
<!-- Generated Oct 25, 2015 7:38:49 PM by Hibernate Tools 3.4.0.CR1 -->
<hibernate-mapping>
    <class name="com.klicksort.entity.Coupon" table="coupon" catalog="klicksort">
        <id name="couponId" type="long">
            <column name="COUPON_ID" />
            <generator class="assigned" />
        </id>
        <property name="couponCode" type="java.lang.String">
            <column name="COUPON_CODE" length="20" not-null="true" unique="true" />
        </property>
        <property name="couponValue" type="java.math.BigDecimal">
            <column name="COUPON_VALUE" precision="2" not-null="true" />
        </property>
        <property name="expiryDate" type="timestamp">
            <column name="EXPIRY_DATE" length="19" not-null="true" />
        </property>
        <property name="useCount" type="long">
            <column name="USE_COUNT" not-null="true" />
        </property>
        <property name="couponSource" type="java.lang.String">
            <column name="COUPON_SOURCE" length="50" not-null="true" />
        </property>
        <set name="orders" table="order" inverse="true" lazy="true" fetch="select">
            <key>
                <column name="COUPON_ID" />
            </key>
            <one-to-many class="com.klicksort.entity.Order" />
        </set>
    </class>
</hibernate-mapping>
