<?xml version="1.0"?>
<!DOCTYPE hibernate-mapping PUBLIC "-//Hibernate/Hibernate Mapping DTD 3.0//EN"
"http://hibernate.sourceforge.net/hibernate-mapping-3.0.dtd">
<!-- Generated Nov 6, 2015 12:14:39 PM by Hibernate Tools 3.4.0.CR1 -->
<hibernate-mapping>
    <class name="com.klicksort.entity.EmailConfig" table="email_config" catalog="klicksort">
        <id name="emailInfo" type="java.lang.Long">
            <column name="EMAIL_INFO" />
            <generator class="identity" />
        </id>
        <property name="toEmailId" type="java.lang.String">
            <column name="TO_EMAIL_ID" length="100" not-null="true" />
        </property>
        <property name="emailPassword" type="java.lang.String">
            <column name="EMAIL_PASSWORD" length="100" not-null="true" />
        </property>
        <property name="department" type="java.lang.String">
            <column name="DEPARTMENT" length="20" not-null="true" />
        </property>
        <property name="activeYn" type="java.lang.String">
            <column name="ACTIVE_YN" length="1" not-null="true" />
        </property>
    </class>
</hibernate-mapping>
