<?xml version="1.0"?>
<!DOCTYPE hibernate-mapping PUBLIC "-//Hibernate/Hibernate Mapping DTD 3.0//EN"
"http://hibernate.sourceforge.net/hibernate-mapping-3.0.dtd">
<!-- Generated Oct 25, 2015 7:38:49 PM by Hibernate Tools 3.4.0.CR1 -->
<hibernate-mapping>
    <class name="com.klicksort.entity.Invoice" table="invoice" catalog="klicksort">
        <id name="invoiceId" type="long">
            <column name="INVOICE_ID" />
            <generator class="assigned" />
        </id>
        <many-to-one name="order" class="com.klicksort.entity.Order" fetch="select">
            <column name="ORDER_ID" length="30" not-null="true" />
        </many-to-one>
        <property name="totalAmount" type="java.math.BigDecimal">
            <column name="TOTAL_AMOUNT" precision="20" not-null="true" />
        </property>
        <property name="status" type="java.lang.String">
            <column name="STATUS" length="20" not-null="true" />
        </property>
    </class>
</hibernate-mapping>
