<?xml version="1.0"?>
<!DOCTYPE hibernate-mapping PUBLIC "-//Hibernate/Hibernate Mapping DTD 3.0//EN"
"http://hibernate.sourceforge.net/hibernate-mapping-3.0.dtd">
<!-- Generated Oct 25, 2015 7:38:49 PM by Hibernate Tools 3.4.0.CR1 -->
<hibernate-mapping>
    <class name="com.klicksort.entity.KlicksortProductDetail" table="klicksort_product_detail" catalog="klicksort">
        <id name="productId" type="java.lang.String">
            <column name="PRODUCT_ID" length="30" />
            <generator class="assigned" />
        </id>
        <many-to-one name="brand" class="com.klicksort.entity.Brand" fetch="select">
            <column name="BRAND_CODE" length="20" not-null="true" />
        </many-to-one>
        <many-to-one name="productCategory" class="com.klicksort.entity.ProductCategory" fetch="select">
            <column name="CATEGORY_ID" not-null="true" />
        </many-to-one>
        <many-to-one name="vendorDetail" class="com.klicksort.entity.VendorDetail" fetch="select">
            <column name="VENDOR_ID" not-null="true" />
        </many-to-one>
        <many-to-one name="taxType" class="com.klicksort.entity.TaxType" fetch="select">
            <column name="TAX_TYPE_CODE" length="6" />
        </many-to-one>
        <many-to-one name="uom" class="com.klicksort.entity.Uom" fetch="select">
            <column name="UOM_CODE" length="15" not-null="true" />
        </many-to-one>
        <property name="productName" type="java.lang.String">
            <column name="PRODUCT_NAME" length="100" not-null="true" />
        </property>
        <property name="productDescription" type="java.lang.String">
            <column name="PRODUCT_DESCRIPTION" length="250" not-null="true" />
        </property>
        <property name="qty" type="long">
            <column name="QTY" not-null="true" />
        </property>
        <property name="salePrice" type="java.math.BigDecimal">
            <column name="SALE_PRICE" precision="12" not-null="true" />
        </property>
        <property name="discount" type="java.math.BigDecimal">
            <column name="DISCOUNT" precision="2" />
        </property>
        <property name="afterDiscountSalePrice" type="java.math.BigDecimal">
            <column name="AFTER_DISCOUNT_SALE_PRICE" precision="12" scale="4" not-null="true" />
        </property>
        <property name="createDt" type="timestamp">
            <column name="CREATE_DT" length="19" not-null="true" />
        </property>
        <property name="updateDt" type="timestamp">
            <column name="UPDATE_DT" length="19" />
        </property>
        <property name="createBy" type="java.lang.String">
            <column name="CREATE_BY" length="50" />
        </property>
        <property name="updateBy" type="java.lang.String">
            <column name="UPDATE_BY" length="50" />
        </property>
        <property name="size" type="java.lang.String">
            <column name="SIZE" length="250" />
        </property>
        <property name="weight" type="java.math.BigDecimal">
            <column name="WEIGHT" precision="10" />
        </property>
        <property name="color" type="java.lang.String">
            <column name="COLOR" length="250" />
        </property>
        <property name="warrantyDescription" type="java.lang.String">
            <column name="WARRANTY_DESCRIPTION" length="250" />
        </property>
        <property name="isFeatured" type="java.lang.String">
            <column name="IS_FEATURED" length="1" not-null="true" />
        </property>
        <property name="isLive" type="java.lang.String">
            <column name="IS_LIVE" length="1" not-null="true" />
        </property>
    </class>
</hibernate-mapping>
