<?xml version="1.0"?>
<!DOCTYPE hibernate-mapping PUBLIC "-//Hibernate/Hibernate Mapping DTD 3.0//EN"
"http://hibernate.sourceforge.net/hibernate-mapping-3.0.dtd">
<!-- Generated Oct 25, 2015 7:38:49 PM by Hibernate Tools 3.4.0.CR1 -->
<hibernate-mapping>
    <class name="com.klicksort.entity.Location" table="location" catalog="klicksort">
        <id name="locationPincode" type="long">
            <column name="LOCATION_PINCODE" />
            <generator class="assigned" />
        </id>
        <many-to-one name="taxType" class="com.klicksort.entity.TaxType" fetch="select">
            <column name="TAX_TYPE_CODE" length="6" />
        </many-to-one>
        <many-to-one name="city" class="com.klicksort.entity.City" fetch="select">
            <column name="CITY_ID" not-null="true" />
        </many-to-one>
        <property name="locationName" type="java.lang.String">
            <column name="LOCATION_NAME" length="50" not-null="true" />
        </property>
        <property name="isDeliverable" type="java.lang.String">
            <column name="IS_DELIVERABLE" length="1" not-null="true" />
        </property>
        <property name="isCashOnDeliveryAvail" type="java.lang.String">
            <column name="IS_CASH_ON_DELIVERY_AVAIL" length="1" not-null="true" />
        </property>
        <property name="expectedDaysOfDelivery" type="int">
            <column name="EXPECTED_DAYS_OF_DELIVERY" not-null="true" />
        </property>
    </class>
</hibernate-mapping>
