<?xml version="1.0"?>
<!DOCTYPE hibernate-mapping PUBLIC "-//Hibernate/Hibernate Mapping DTD 3.0//EN"
"http://hibernate.sourceforge.net/hibernate-mapping-3.0.dtd">
<!-- Generated Oct 25, 2015 7:38:49 PM by Hibernate Tools 3.4.0.CR1 -->
<hibernate-mapping>
    <class name="com.klicksort.entity.Order" table="order" catalog="klicksort">
        <id name="orderId" type="java.lang.String">
            <column name="ORDER_ID" length="30" />
            <generator class="assigned" />
        </id>
        <many-to-one name="coupon" class="com.klicksort.entity.Coupon" fetch="select">
            <column name="COUPON_ID" />
        </many-to-one>
        <many-to-one name="user" class="com.klicksort.entity.User" fetch="select">
            <column name="USER_ID" not-null="true" />
        </many-to-one>
        <many-to-one name="offer" class="com.klicksort.entity.Offer" fetch="select">
            <column name="OFFER_ID" />
        </many-to-one>
        <many-to-one name="contact" class="com.klicksort.entity.UserContact" fetch="select">
            <column name="CONTACT_ID" not-null="true" />
        </many-to-one>
        <property name="orderCreateDate" type="timestamp">
            <column name="ORDER_CREATE_DATE" length="19" not-null="true" />
        </property>
        <property name="orderUpdateDate" type="timestamp">
            <column name="ORDER_UPDATE_DATE" length="19" />
        </property>
        <property name="discount" type="java.math.BigDecimal">
            <column name="DISCOUNT" precision="2" not-null="true" />
        </property>
        <property name="shippingCharges" type="int">
            <column name="SHIPPING_CHARGES" />
        </property>
        <property name="giftWrappingCharges" type="int">
            <column name="GIFT_WRAPPING_CHARGES" />
        </property>
        <property name="total" type="java.math.BigDecimal">
            <column name="TOTAL" precision="20" not-null="true" />
        </property>
        <property name="transactionNumber" type="java.lang.String">
            <column name="TRANSACTION_NUMBER" length="50" not-null="true" unique="true" />
        </property>
        <property name="transactionStatus" type="java.lang.String">
            <column name="TRANSACTION_STATUS" length="50" not-null="true" />
        </property>
        <property name="paymentMethod" type="java.lang.String">
            <column name="PAYMENT_METHOD" length="50" />
        </property>
        <property name="isCashOnDelivery" type="java.lang.String">
            <column name="IS_CASH_ON_DELIVERY" length="1" not-null="true" />
        </property>
        <property name="status" type="java.lang.String">
            <column name="STATUS" length="20" not-null="true" />
        </property>
        <property name="expectedDeliveryDate" type="timestamp">
            <column name="EXPECTED_DELIVERY_DATE" length="19" not-null="true" />
        </property>
        <set name="orderDetails" table="order_detail" inverse="true" lazy="true" fetch="select">
            <key>
                <column name="ORDER_ID" length="30" not-null="true" />
            </key>
            <one-to-many class="com.klicksort.entity.OrderDetail" />
        </set>
        <set name="invoices" table="invoice" inverse="true" lazy="true" fetch="select">
            <key>
                <column name="ORDER_ID" length="30" not-null="true" />
            </key>
            <one-to-many class="com.klicksort.entity.Invoice" />
        </set>
    </class>
</hibernate-mapping>
