<?xml version="1.0"?>
<!DOCTYPE hibernate-mapping PUBLIC "-//Hibernate/Hibernate Mapping DTD 3.0//EN"
"http://hibernate.sourceforge.net/hibernate-mapping-3.0.dtd">
<!-- Generated Oct 25, 2015 7:38:49 PM by Hibernate Tools 3.4.0.CR1 -->
<hibernate-mapping>
    <class name="com.klicksort.entity.OrderDetail" table="order_detail" catalog="klicksort">
        <id name="orderDetailId" type="long">
            <column name="ORDER_DETAIL_ID" />
            <generator class="assigned" />
        </id>
        <many-to-one name="order" class="com.klicksort.entity.Order" fetch="select">
            <column name="ORDER_ID" length="30" not-null="true" />
        </many-to-one>
        <property name="productId" type="java.lang.String">
            <column name="PRODUCT_ID" length="30" not-null="true" />
        </property>
        <property name="qty" type="long">
            <column name="QTY" not-null="true" />
        </property>
        <property name="productLineStatus" type="java.lang.String">
            <column name="PRODUCT_LINE_STATUS" length="20" not-null="true" />
        </property>
        <property name="desiredColor" type="java.lang.String">
            <column name="DESIRED_COLOR" length="50" />
        </property>
        <property name="desiredSize" type="java.lang.String">
            <column name="DESIRED_SIZE" length="50" />
        </property>
        <set name="refundses" table="refunds" inverse="true" lazy="true" fetch="select">
            <key>
                <column name="ORDER_DETAIL_ID" not-null="true" />
            </key>
            <one-to-many class="com.klicksort.entity.Refunds" />
        </set>
        <set name="returnses" table="returns" inverse="true" lazy="true" fetch="select">
            <key>
                <column name="ORDER_DETAIL_ID" not-null="true" />
            </key>
            <one-to-many class="com.klicksort.entity.Returns" />
        </set>
        <set name="cancellations" table="cancellation" inverse="true" lazy="true" fetch="select">
            <key>
                <column name="ORDER_DETAIL_ID" not-null="true" />
            </key>
            <one-to-many class="com.klicksort.entity.Cancellation" />
        </set>
    </class>
</hibernate-mapping>
