<?xml version="1.0"?>
<!DOCTYPE hibernate-mapping PUBLIC "-//Hibernate/Hibernate Mapping DTD 3.0//EN"
"http://hibernate.sourceforge.net/hibernate-mapping-3.0.dtd">
<!-- Generated Oct 10, 2015 4:39:16 PM by Hibernate Tools 3.4.0.CR1 -->
<hibernate-mapping>
    <class name="com.klicksort.entity.ProductCategory" table="product_category" catalog="klicksort">
        <id name="categoryId" type="java.lang.Long">
            <column name="CATEGORY_ID" />
            <generator class="identity" />
        </id>
        <property name="categoryName" type="java.lang.String">
            <column name="CATEGORY_NAME" length="50" not-null="true" />
        </property>
        <property name="parentCategory" type="long">
            <column name="PARENT_CATEGORY" not-null="true" />
        </property>
        <set name="vendorCategoryMaps" table="vendor_category_map" inverse="true" lazy="true" fetch="select">
            <key>
                <column name="CATEGORY_ID" not-null="true" />
            </key>
            <one-to-many class="com.klicksort.entity.VendorCategoryMap" />
        </set>
    </class>
</hibernate-mapping>
