<?xml version="1.0"?>
<!DOCTYPE hibernate-mapping PUBLIC "-//Hibernate/Hibernate Mapping DTD 3.0//EN"
"http://hibernate.sourceforge.net/hibernate-mapping-3.0.dtd">
<!-- Generated Oct 25, 2015 7:38:49 PM by Hibernate Tools 3.4.0.CR1 -->
<hibernate-mapping>
    <class name="com.klicksort.entity.Role" table="role" catalog="klicksort">
        <id name="roleId" type="long">
            <column name="ROLE_ID" />
            <generator class="assigned" />
        </id>
        <property name="roleName" type="java.lang.String">
            <column name="ROLE_NAME" length="50" not-null="true" />
        </property>
        <property name="isActive" type="java.lang.String">
            <column name="IS_ACTIVE" length="1" not-null="true" />
        </property>
        <set name="users" table="user" inverse="true" lazy="true" fetch="select">
            <key>
                <column name="ROLE_ID" not-null="true" />
            </key>
            <one-to-many class="com.klicksort.entity.User" />
        </set>
    </class>
</hibernate-mapping>
