<?xml version="1.0"?>
<!DOCTYPE hibernate-mapping PUBLIC "-//Hibernate/Hibernate Mapping DTD 3.0//EN"
"http://hibernate.sourceforge.net/hibernate-mapping-3.0.dtd">
<!-- Generated Oct 10, 2015 4:39:16 PM by Hibernate Tools 3.4.0.CR1 -->
<hibernate-mapping>
    <class name="com.klicksort.entity.TaxType" table="tax_type" catalog="klicksort">
        <id name="taxTypeCode" type="java.lang.String">
            <column name="TAX_TYPE_CODE" length="6" />
            <generator class="assigned" />
        </id>
        <property name="taxName" type="java.lang.String">
            <column name="TAX_NAME" length="50" not-null="true" />
        </property>
        <property name="value" type="java.math.BigDecimal">
            <column name="VALUE" precision="2" not-null="true" />
        </property>
    </class>
</hibernate-mapping>
