<?xml version="1.0"?>
<!DOCTYPE hibernate-mapping PUBLIC "-//Hibernate/Hibernate Mapping DTD 3.0//EN"
"http://hibernate.sourceforge.net/hibernate-mapping-3.0.dtd">
<!-- Generated Oct 10, 2015 4:39:16 PM by Hibernate Tools 3.4.0.CR1 -->
<hibernate-mapping>
    <class name="com.klicksort.entity.Uom" table="uom" catalog="klicksort">
        <id name="uomCode" type="java.lang.String">
            <column name="UOM_CODE" length="15" />
            <generator class="assigned" />
        </id>
        <property name="uomName" type="java.lang.String">
            <column name="UOM_NAME" length="15" not-null="true" />
        </property>
    </class>
</hibernate-mapping>
