<?xml version="1.0"?>
<!DOCTYPE hibernate-mapping PUBLIC "-//Hibernate/Hibernate Mapping DTD 3.0//EN"
"http://hibernate.sourceforge.net/hibernate-mapping-3.0.dtd">
<!-- Generated Oct 25, 2015 7:38:49 PM by Hibernate Tools 3.4.0.CR1 -->
<hibernate-mapping>
    <class name="com.klicksort.entity.UserContact" table="contact" catalog="klicksort">
        <id name="contactId" type="long">
            <column name="CONTACT_ID" />
            <generator class="assigned" />
        </id>
        <many-to-one name="country" class="com.klicksort.entity.Country" fetch="select">
            <column name="COUNTRY_ID" not-null="true" />
        </many-to-one>
        <many-to-one name="state" class="com.klicksort.entity.State" fetch="select">
            <column name="STATE_ID" not-null="true" />
        </many-to-one>
        <many-to-one name="user" class="com.klicksort.entity.User" fetch="select">
            <column name="USER_ID" not-null="true" />
        </many-to-one>
        <many-to-one name="city" class="com.klicksort.entity.City" fetch="select">
            <column name="CITY_ID" not-null="true" />
        </many-to-one>
        <property name="addressLine1" type="java.lang.String">
            <column name="ADDRESS_LINE1" length="100" not-null="true" />
        </property>
        <property name="addressLine2" type="java.lang.String">
            <column name="ADDRESS_LINE2" length="100" />
        </property>
        <property name="street" type="java.lang.String">
            <column name="STREET" length="100" />
        </property>
        <property name="landmark" type="java.lang.String">
            <column name="LANDMARK" length="100" />
        </property>
        <property name="pincode" type="java.lang.String">
            <column name="PINCODE" length="10" not-null="true" />
        </property>
        <property name="contactNo" type="java.lang.String">
            <column name="CONTACT_NO" length="12" not-null="true" />
        </property>
        <property name="isregisteredAddress" type="java.lang.String">
            <column name="ISREGISTERED_ADDRESS" length="1" not-null="true" />
        </property>
        <property name="isActive" type="java.lang.String">
            <column name="IS_ACTIVE" length="1" not-null="true" />
        </property>
        <set name="orders" table="order" inverse="true" lazy="true" fetch="select">
            <key>
                <column name="CONTACT_ID" not-null="true" />
            </key>
            <one-to-many class="com.klicksort.entity.Order" />
        </set>
    </class>
</hibernate-mapping>
