<?xml version="1.0"?>
<!DOCTYPE hibernate-mapping PUBLIC "-//Hibernate/Hibernate Mapping DTD 3.0//EN"
"http://hibernate.sourceforge.net/hibernate-mapping-3.0.dtd">
<!-- Generated Oct 25, 2015 7:38:49 PM by Hibernate Tools 3.4.0.CR1 -->
<hibernate-mapping>
    <class name="com.klicksort.entity.User" table="user" catalog="klicksort">
        <id name="userId" type="long">
            <column name="USER_ID" />
            <generator class="assigned" />
        </id>
        <many-to-one name="role" class="com.klicksort.entity.Role" fetch="select">
            <column name="ROLE_ID" not-null="true" />
        </many-to-one>
        <property name="firstName" type="java.lang.String">
            <column name="FIRST_NAME" length="50" not-null="true" />
        </property>
        <property name="lastName" type="java.lang.String">
            <column name="LAST_NAME" length="50" not-null="true" />
        </property>
        <property name="email" type="java.lang.String">
            <column name="EMAIL" length="150" not-null="true" unique="true" />
        </property>
        <property name="password" type="java.lang.String">
            <column name="PASSWORD" length="50" not-null="true" />
        </property>
        <property name="regDate" type="timestamp">
            <column name="REG_DATE" length="19" />
        </property>
        <property name="updDate" type="timestamp">
            <column name="UPD_DATE" length="19" />
        </property>
        <property name="varificationCode" type="java.lang.String">
            <column name="VARIFICATION_CODE" length="20" />
        </property>
        <property name="isVarified" type="java.lang.String">
            <column name="IS_VARIFIED" length="1" not-null="true" />
        </property>
        <property name="isRegistered" type="java.lang.String">
            <column name="IS_REGISTERED" length="1" not-null="true" />
        </property>
        <property name="isActive" type="java.lang.String">
            <column name="IS_ACTIVE" length="1" not-null="true" />
        </property>
        <property name="loyaltyPoint" type="java.lang.Long">
            <column name="LOYALTY_POINT" />
        </property>
        <set name="contacts" table="contact" inverse="true" lazy="true" fetch="select">
            <key>
                <column name="USER_ID" not-null="true" />
            </key>
            <one-to-many class="com.klicksort.entity.UserContact" />
        </set>
        <set name="orders" table="order" inverse="true" lazy="true" fetch="select">
            <key>
                <column name="USER_ID" not-null="true" />
            </key>
            <one-to-many class="com.klicksort.entity.Order" />
        </set>
    </class>
</hibernate-mapping>
