<?xml version="1.0"?>
<!DOCTYPE hibernate-mapping PUBLIC "-//Hibernate/Hibernate Mapping DTD 3.0//EN"
"http://hibernate.sourceforge.net/hibernate-mapping-3.0.dtd">
<!-- Generated Oct 10, 2015 4:39:16 PM by Hibernate Tools 3.4.0.CR1 -->
<hibernate-mapping>
    <class name="com.klicksort.entity.VendorAttachments" table="vendor_attachments" catalog="klicksort">
        <id name="attachmentsId" type="java.lang.Long">
            <column name="ATTACHMENTS_ID" />
            <generator class="identity" />
        </id>
        <many-to-one name="vendorDetail" class="com.klicksort.entity.VendorDetail" fetch="select">
            <column name="VENDOR_ID" not-null="true" />
        </many-to-one>
        <property name="attachment" type="binary">
            <column name="ATTACHMENT" not-null="true" />
        </property>
        <property name="attachmentDescription" type="java.lang.String">
            <column name="ATTACHMENT_DESCRIPTION" length="250" />
        </property>
    </class>
</hibernate-mapping>
