<?xml version="1.0"?>
<!DOCTYPE hibernate-mapping PUBLIC "-//Hibernate/Hibernate Mapping DTD 3.0//EN"
"http://hibernate.sourceforge.net/hibernate-mapping-3.0.dtd">
<!-- Generated Oct 10, 2015 4:39:16 PM by Hibernate Tools 3.4.0.CR1 -->
<hibernate-mapping>
    <class name="com.klicksort.entity.VendorActivity" table="vendor_activity" catalog="klicksort">
        <id name="activityCode" type="java.lang.String">
            <column name="ACTIVITY_CODE" length="15" />
            <generator class="assigned" />
        </id>
        <property name="activityName" type="java.lang.String">
            <column name="ACTIVITY_NAME" length="15" not-null="true" />
        </property>
        <set name="vendorActivityMaps" table="vendor_activity_map" inverse="true" lazy="true" fetch="select">
            <key>
                <column name="ACTIVITY_CODE" length="15" not-null="true" />
            </key>
            <one-to-many class="com.klicksort.entity.VendorActivityMap" />
        </set>
    </class>
</hibernate-mapping>
