<?xml version="1.0"?>
<!DOCTYPE hibernate-mapping PUBLIC "-//Hibernate/Hibernate Mapping DTD 3.0//EN"
"http://hibernate.sourceforge.net/hibernate-mapping-3.0.dtd">
<!-- Generated Oct 10, 2015 4:39:16 PM by Hibernate Tools 3.4.0.CR1 -->
<hibernate-mapping>
    <class name="com.klicksort.entity.VendorTerms" table="vendor_terms" catalog="klicksort">
        <id name="vendorTermsId" type="java.lang.Long">
            <column name="VENDOR_TERMS_ID" />
            <generator class="identity" />
        </id>
        <many-to-one name="vendorDetail" class="com.klicksort.entity.VendorDetail" fetch="select">
            <column name="VENDOR_ID" not-null="true" />
        </many-to-one>
        <property name="termDescription" type="java.lang.String">
            <column name="TERM_DESCRIPTION" length="1000" not-null="true" />
        </property>
        <property name="termType" type="java.lang.String">
            <column name="TERM_TYPE" length="50" not-null="true" />
        </property>
    </class>
</hibernate-mapping>
