<?xml version="1.0"?>
<!DOCTYPE hibernate-mapping PUBLIC "-//Hibernate/Hibernate Mapping DTD 3.0//EN"
"http://hibernate.sourceforge.net/hibernate-mapping-3.0.dtd">
<!-- Generated Oct 10, 2015 4:39:16 PM by Hibernate Tools 3.4.0.CR1 -->
<hibernate-mapping>
    <class name="com.klicksort.entity.VendorDetail" table="vendor_detail" catalog="klicksort">
        <id name="vendorId" type="java.lang.Long">
            <column name="VENDOR_ID" />
            <generator class="identity" />
        </id>
        <property name="firmName" type="java.lang.String">
            <column name="FIRM_NAME" length="100" not-null="true" />
        </property>
        <property name="firmType" type="java.lang.String">
            <column name="FIRM_TYPE" length="20" not-null="true" />
        </property>
        <property name="firstName" type="java.lang.String">
            <column name="FIRST_NAME" length="100" not-null="true" />
        </property>
        <property name="lastName" type="java.lang.String">
            <column name="LAST_NAME" length="100" not-null="true" />
        </property>
        <property name="vendorEmail" type="java.lang.String">
            <column name="VENDOR_EMAIL" length="250" not-null="true" unique="true" />
        </property>
        <property name="personalContactNo" type="long">
            <column name="PERSONAL_CONTACT_NO" not-null="true" unique="true" />
        </property>
        <property name="activeYn" type="java.lang.String">
            <column name="ACTIVE_YN" length="1" not-null="true" />
        </property>
        <set name="vendorTermses" table="vendor_terms" inverse="true" lazy="true" fetch="select">
            <key>
                <column name="VENDOR_ID" not-null="true" />
            </key>
            <one-to-many class="com.klicksort.entity.VendorTerms" />
        </set>
        <set name="vendorActivityMaps" table="vendor_activity_map" inverse="true" lazy="true" fetch="select">
            <key>
                <column name="VENDOR_ID" not-null="true" />
            </key>
            <one-to-many class="com.klicksort.entity.VendorActivityMap" />
        </set>
        <set name="vendorAttachmentses" table="vendor_attachments" inverse="true" lazy="true" fetch="select">
            <key>
                <column name="VENDOR_ID" not-null="true" />
            </key>
            <one-to-many class="com.klicksort.entity.VendorAttachments" />
        </set>
        <set name="vendorCategoryMaps" table="vendor_category_map" inverse="true" lazy="true" fetch="select">
            <key>
                <column name="VENDOR_ID" not-null="true" />
            </key>
            <one-to-many class="com.klicksort.entity.VendorCategoryMap" />
        </set>
        <set name="vendorBrandMaps" table="vendor_brand_map" inverse="true" lazy="true" fetch="select">
            <key>
                <column name="VENDOR_ID" not-null="true" />
            </key>
            <one-to-many class="com.klicksort.entity.VendorBrandMap" />
        </set>
        <set name="contacts" table="contact" inverse="true" lazy="true" fetch="select">
            <key>
                <column name="VENDOR_ID" not-null="true" />
            </key>
            <one-to-many class="com.klicksort.entity.Contact" />
        </set>
    </class>
</hibernate-mapping>
