<?xml version="1.0"?>
<!DOCTYPE hibernate-mapping PUBLIC "-//Hibernate/Hibernate Mapping DTD 3.0//EN"
"http://hibernate.sourceforge.net/hibernate-mapping-3.0.dtd">
<!-- Generated Oct 10, 2015 4:39:16 PM by Hibernate Tools 3.4.0.CR1 -->
<hibernate-mapping>
    <class name="com.klicksort.entity.VendorActivityMap" table="vendor_activity_map" catalog="klicksort">
        <id name="activityMapId" type="java.lang.Long">
            <column name="ACTIVITY_MAP_ID" />
            <generator class="identity" />
        </id>
        <many-to-one name="vendorActivity" class="com.klicksort.entity.VendorActivity" fetch="select">
            <column name="ACTIVITY_CODE" length="15" not-null="true" />
        </many-to-one>
        <many-to-one name="vendorDetail" class="com.klicksort.entity.VendorDetail" fetch="select">
            <column name="VENDOR_ID" not-null="true" />
        </many-to-one>
    </class>
</hibernate-mapping>
