{
    "msgs": {
        "P-SUCCESS": "Password reset successfully.",
        "P-RESETERROR": "Server error while resetting password.",
        "P-RESETALLWDHRSLMT": "You can not reset password more than once in a 24 hour period.",
        "P-ERRORHASHPWD": "Server error while hashing password.",
        "U-USERNOTACTIVE": "User is not active, can not reset password.",
        "P-NOTALLOWED": "This action is not allowed for marsh users.",
        "U-USERNOTFOUND": "User not found. Please enter valid user name.",
        "G-INTSERVERERR": "Internal server error.",
        "P-CHNGALLWDHRSLMT": "You can not change password more than once in a 24 hour period.",
        "P-CHNGPWDSUCESS": "Password changed successfully.",
        "P-CHNGPWDERROR": "Server error while changing password.",
        "P-LSTALLWDPASS": "Last 8 passwords can not be reused.",        
        "P-PWDNOTSTRNG": "Password is not strong enough.",
        "G-USERDEACTIVE": "User is deactivated. Please contact admin.",
        "G-AUTHSUCCESS": "Authentication success.",
        "P-EXCSVFAILDATTMPTS": "Account disabled due to excessive failed attempts.",
        "P-INVALIDPASS": "Invalid Password.",
        "U-USERCREATED": "User created successfully.",
        "P-PWDGENERROR": "Eror while password generation.",
        "U-NOUSERTYPE": "No user type found.",
        "U-USERALRDYEXIST": "User Id is already present in the system. Please choose a different User Id."
    }
}