{
    "$schema": "./node_modules/@angular/cli/lib/config/schema.json",
    "project": {
        "name": "lis-app"
    },
    "apps": [{
        "root": "src/main/webapp",
        "outDir": "build/www/app",
        "assets": [
            "content",
            "favicon.ico"
        ],
        "index": "index.html",
        "main": "app/app.main.ts",
        "polyfills": "app/polyfills.ts",
        "test": "src/test/javascript/spec/entry.ts",
        "tsconfig": "../../../tsconfig.json",
        "prefix": "jhi",
        "mobile": false,
        "styles": [
            "content/scss/vendor.scss",
            "content/scss/global.scss"
        ],
        "scripts": []
    }],
    "lint": [{
            "project": "../../../tsconfig.json"
        },
        {
            "project": "../../../tsconfig-aot.json"
        }
    ],
    "test": {
        "karma": {
            "config": "src/test/javascript/karma.conf.js"
        }
    },
    "defaults": {
        "styleExt": "scss",
        "prefixInterfaces": false,
        "component" : {
            "inlineStyle" : true,
            "inlineTemplate": false,
            "spec": false
        },
        "directive" : {
            "spec": false
        },
        "guard" : {
            "spec": false
        },
        "pipe" : {
            "spec": false
        },
        "service" : {
            "spec": false
        }
    },
    "packageManager": "yarn"
}
